Ideas,Tag
"Switching From Passively Suicidal to Actively Suicidal Actually Gave Me Relief? *Has anyone else had this feeling? Or find it somewhat relatable?*

I \[24M\] have been passively suicidal for a few months now, but yesterday was an exceptionally awful day. I slept super late, I forgot I was scheduled to work, couldn't get dressed, couldn't leave the house, tried to fix my bike but ended up breaking it even more. Then I gave into pretty much all of my self-sabotaging vices (drugs, porn, shitty food, video games, you name it). 

  
I swear something snapped. I cried a *ridiculous* amount throughout the day and spent the rest of the night feverishly reading up on suicide. I actually figured out my gameplan. I found a whole document outlining the specifics and answered all the little questions I had (sorry not sharing ‚Äî don't even ask me) plus a backup option in case I'm desperate enough to do something quicker. For now, I'm in the stage of acquiring the materials and getting my affairs in order.

  
Since I got my suicide method figured out, I'm in a strangely upbeat mood. 

It's an odd paradox. Finalizing my plan of action to end my life made me feel motivated to go out and live it. I'm getting chores done with no sweat, I'm dancing and listening to fun music, I'm gaining bits of my personality back. A great weight has been lifted off my shoulders.

From what I heard, it's common for people to act calm or joyful the days before they make an attempt. Is that what I'm experiencing? Maybe it's because I have a goal now? Like my days don't feel meaningless like they persistently have? Or maybe finally there's an escape route to break free from the shitshow that is my life. I don't feel as trapped and hopeless anymore. 

Anyways, I wanted to see if this anyone here had a similar experience or wants to weigh in on this situation.

TL:DR - I'm actively suicidal for the first time in my life and I feel much better after I figured out my method. What's the meaning behind this?



 ",0
"The school system is specifically made to be a slaughterhouse for retards like me might as well kill myself. Listen I have no fucking option anymore, school literally only let's the selfish fucks succeed. If you're not the most safe kind of different they can handle they'll fuck you over, lie to you, abuse their power, and fuck. you. over. All the while they'll blow smoke up your ass about how much they want you to ""succeed."" 

I'm not ""succeeding"" I'm going to hell. Always telling me I'm a ""smart kid"" how stupid do you think I am? Honestly think I believe a word your two-tounged lying ass says? 

The school doesn't ""care about you"" the school doesn't want you to succeed, the school wants you to fall out the door on graduation and die in the streets so your kind can be known as the ""bad people.""

Yeah so I might just hang myself in a bathroom or something. If I had a gun I'd just shoot myself in his office, just myself obviously. I'm thinking I'll probably just cut myself in the bathrooms for now dude I'm sick living such a shitty life I could've done so much more but clearly my blood is my only voice around here. FUCK YOU WORLD!",0
"It doesn‚Äôt get better. If you say that, I hate you. 28 years I‚Äôve been stuck on this miserable pile of shit. Blown thousands of dollars talking to idiot assholes who just waterboard me with metaphors about how beautiful life is, and it‚Äôs beautiful to these fuckers because THEY ARENT ME! Everything Ive tried brings no relief at all to this goddamn curse. I told my therapist to fuck off and flushed my pills down the toilet because I‚Äôm fucking done with everything. And if you say it gets better, you can go fuck yourself with a railroad spike covered in acid because you don‚Äôt even know if that‚Äôs true. So fuck you and everyone else who thinks it helps.",0
"I'm so depressed that my reasons for suicide are becoming more logical instead of irrational. It's like I keep coming up with reasons that it's more logical to kill myself than stay alive. 

1. Why be an emotionless husk when I could potentially reincarnate into a happier life?

2. My circumstances are the reasons for my depression, but there are only so many externally forces you can actually control.

3. If the afterlife and god exists, that makes my life pointless because I'm just going to reincarnate into some worthless fag in the next round. And I hate people who AREN'T me.

4. If there is no god or afterlife, then I'm embarrassed that I'm this shit-slinging ape-type life form instead  of something with enhanced intelligence and invulnerability.

5. I cannot use fiction as an escape anymore because it makes me feel like those worlds are real and I could go to them if I offed myself.

6. People who circlejerk how beautiful life is, funnily enough, make me want to kill myself even more because of its absurdity. They don't actually believe that, they're just under the influence of simple caffeine.

7. If the all loving source is real and it feels better than being alive...well idk guys. I thought spirituality was suppose to make me want to live, not convince me to go. 

In short, human beings cannot make up their minds and I'm embarrassed to play along with you.

Edit: sorry for formatting, I'm tired rn.",0
If there was a die button I‚Äôd press it  But actually doing anything would be too much work ,0
"In one hour I‚Äôll be gone In one hour I‚Äôm going to end my life.
I‚Äôve been homeless for too long now and k struggle everyday.
I‚Äôm constantly cold and hungry and my
mind just can‚Äôt do it anymore. I‚Äôve made my decision and I feel happy because i know it will all be over soon. I don‚Äôt have anything else to say but good luck if you‚Äôre reading this. 

",0
"Sorry Sorry to my parents, i wasn't good enough.
Sorry to my friends, i should have enjoyed a little more our moments.
Sorry to my little brother, i am really sorry i should have been the best brother for you.
Sorry to the young me. I am deeply sorry.
Sorry to everyone.

I can't take it no more",0
"can I die if I overdose on pain meds? I don't know if this belongs here, but I need some advice. tomorrow for my seventeenth birthday I plan to overdose. my life is terrible I hate everything I hate myself I have mental issues, I struggle with self-harm and suicidal thoughts every day. I can no longer function normally. I've already tried to kill myself three times by overdosing on painkillers, placebo, neurol and so on. I've never had anything worse than nausea. I'm planning this attempt for a few weeks, a month ago I bought 2 packs of paralen and 1 single pack of ibalgin.  if I took everything (about 70 tablets) and drank alcohol, could I really die? I know about the side effects and possible health problems with the liver and kidneys etc., I honestly don't care. I know there is a small chance  of dying, but I know cases where it happened and they took less medicine. I took the most 20 paralens and I didn't feel bad. please refrain from bullshit, don't say I shouldn't do it, that I should wait for better times, etc. I really can't anymore and I don't have the courage to commit suicide in a more extreme way.",0
"my face makes me want to die  

I hate it I hate it so fucking much I feel like crying whenever I look at it I hate looking at all the pretty girls whenever I go out I hate my nose I hate my side profile and my stupid face shape I just wish I looked like a fucking woman I feel like dying. Why the hell was I born with this face I hate looking at it so much what's the point of my existence if Im not pretty. no matter how much effort I put in it never matters cuz I'm just bum ugly",0
i think i've just missed the opportunity to ever feel happy i don't think it's still a possibility for me. drugs can kind of simulate it but they're not good enough. i don't know how to feel happy. i don't know if i feel what other people feel. something's off about me. something's missing. i want to go home but i am home. i want to go home. i want to leave. i want to go,0
"Fuck being ""proud"" and ""unique"" for being trans. I wanna be normal. But I never will be. I'm cursed to be trans forever. My whole life that'll never change. Fuck this. If it'll never change for my entire life, might as well have that life be as short as possible.",0
"My entire immediate family is dead.  At 36, I tried to get my life back after being a caregiver for over 15 years. I tried. I did everything I could after my last immediate family member died to correct the trajectory of my life. I am proud of the fight I gave to get my life back. No kids, no dogs, no family. I have a degree and certifications. I appreciate what my half brother has done for me. I been applying to jobs for weeks now. 1 interview. Loads of rejections. Caregiving is not taken seriously by any corporation. Even with distant family in major businesses, nothing. I already have my plan. I am going to wait until everything is absolutely FUBAR and go to a wonderful park and let go. I have nothing else holding me here. No one. No close relationships. ",0
"Sorry mum I know I‚Äôm being selfish but I don‚Äôt want to live like this anymore. I don‚Äôt want to wake up tomorrow and live another day like this, then another, then another, then another. There‚Äôs no end to it. I don‚Äôt want to die. I want to live, I want to be happy, I want to travel the world one day. But none of that will ever happen. I‚Äôm trapped like this. I keep waiting for someone to save me but that‚Äôs never going to happen, life doesn‚Äôt work like that. And I‚Äôm so fucking tired.

I have enough pills in front of me to kill a horse and I‚Äôve written a note. I won‚Äôt fail this time, I‚Äôve learnt from my last failure.

I‚Äôm sorry mum, I know this will hurt you. Sorry for being such a shitty daughter.

Edit: I‚Äôve taken a few of them now. I‚Äôm starting to feel a little weird (and I‚Äôm not crying hysterically anymore lol) but idk if they‚Äôve kicked in yet or not

Edit 2: Yep somethings happening, they‚Äôre definitely just starting to kick in now. My legs feel heavy and I feel kinda tired",0
"Male with BDD, autism, severe anxiety and severe depression all confirmed by multi psychs. Male social death sentence. Holy fuck. Is there anything to do EXCEPT kill myself? Doesn‚Äôt feel like it. I want a social life. But People smell the sickness on me and run. (I shower it‚Äôs not my actual smell) ‚Ä¶.Another component to the smell thing might be my blueberry perfume. I want to smell like blueberries. It‚Äôs one spritz in the air I don‚Äôt dump the bottle and it‚Äôs a soft blueberry smell not like candy flavoring. Fuck it suicide postponed. I will investigate the blueberry matter further. ",0
"I think that even if I get over all of my mental health issues, I‚Äôd still want to kill myself due to how shitty the world is.  People are just such assholes to each other. I wish I was born in the 90s because maybe I would have some social skills. I blame these fucking electronic devices. And I‚Äôm just so sick and tired of fucking politics.",0
"Just another ‚Äúangry black man‚Äù So much visceral anger. So much hatred.
I have nothing but hate for almost everything on my college campus
I hate the halls
I hate the hair in the bathroom sink
I hate the stupid fucking squirrels
I hate the veo bikes
I hate that the college supermarket charges me 20 cent per bag for shit
I hate the international students who walk on the bike path
I hate the Chipotle that gives me miniature sized proportions
I hate the flies in my classroom
I hate the couples who hog the study lounge
I hate the fact that I have 5 classes in one day
I hate feeling lonely in a place I‚Äôm never alone
I hate feeling like I‚Äôm learning a lot, just to take an exam and know I know nothing
I hate the racially insensitive students who anonymously answer surveys that ask black students how they feel about the campus with ‚Äúkill all nigg*rs‚Äù
I hate being black here
I hate getting fake smiles everywhere I go
I hate when people avoid sitting next to me on a crowded bus where there is literally no room
I hate that I‚Äôm too depressed to focus on my work and stay awake
I hate that I‚Äôm too anxious to be around people for long periods of time and make friends
I hate that I‚Äôm likely high functioning undiagnosed autistic person who has a hard time adapting to change
I hate feeling like I have to be perfect to even be worthy of being in the campus
I hate working twice as hard just to do mediocre
I hate that I made friends with people who betrayed me and took my kindness for granted
I hate that some of the people who I once called friends are lowkey racist and called me out of my name several times
I hate that whenever I told anyone, most of my friends undermined my feelings and continued to hang out with them until they found out how much of an asshole they really were
I hate how I forgave all of them
I hate that my only real friends are either graduated already or too busy to meet up with me
I hate asking people for help and feeling like I‚Äôm a burden
I hate that the only girl who was a romantic interest turned out to be a heavy drinker and smoker who only spoke to me because she broke up with her abusive ex
I hate knowing I‚Äôm going to graduate and enter the real world where I‚Äôm going to be responsible for myself
I hate knowing that I‚Äôm going to go home to a crime ridden city where I‚Äôll always be watching my back and everyone is always mean
I hate having to walk past so many homeless people in my home city while knowing there isn‚Äôt much I‚Äôll be able to do to help them
I hate that internet keeps spoon feeding me race baiting and manosphere content
I hate how close this election is going to be
I hate knowing I wasn‚Äôt good enough to make the best of my college, which were supposed to be the ‚Äúbest years of my life‚Äù
I hate how I came into college expecting it to be kumbiya - but coming out realizing how many people are actually very mean, racist and just straight up stupid
I hate how everyone is always like ‚Äúpoc need to stand together‚Äù when asians, indians and hispanics are just as racist - if not more - than whites
I hate feeling angry and stressed on my final days in colleges
I hate knowing I had to graduate later than all of my friends and have to stay for an extra semester
I hate how I‚Äôve tried everything from counseling to therapy
I hate how my parents are divorced 
I hate how I can barely talk to my dad because he takes everything personal
I hate feeling lonely and feeling like there is no hope for the future
I hate the fact I caught Covid twice in a semester because my immune system is so weak from stress
I hate feeling like I could just die of a heart attack at any moment

I hate feeling this angry
And although my mom is the only reason I still draw breath on this earth, I don‚Äôt know how much longer I can stay here before I do something I‚Äôm going to regret",0
I KEEP GETTING FUCKED OVER BY MENTAL HEALTHCARE IM GOING TO KILL MYSELF  ,0
"The last 13 years I've been procrastinating my suicide That's all I've been doing, all that's been happening, aside from the slightly distracting happenings I've observed through the fog. I've made a lot of ""progress"" with my mental health, I still am just trying my best every day, because my pain isn't as bad as the possible pain of my family. So I'm gonna keep on existing, but no matter what I do, I see no hope. I've felt dead, like a ghost, for so long and drugs have been the only time I escaped this feeling for short. I feel detached and isolated, no matter how much I pour out my ""soul"" to people, no matter how vulnerable I've learned to be. I'm in limbo, having to watch other people form connections with each other, maybe with me, but really, I'm far, far away.  
It doesn't matter how much you try to fill your life with beauty, if you're looking through shit-colored glasses.  
I'm always in waiting mode. I know it's not my time yet and I shouldn't accelerate it. But I'm just being honest with myself here. I'm always waiting, always looking forward to one thing, and that's to finally escape this prison of my mind once I die.",0
Im thinking about killing myself I‚Äôm only like 16 and im obese. And everyone around me reminds me of it.,0
"I don‚Äôt have to drive home I‚Äôm beautifully dressed for my grad pictures I just got done with. Fought my tears to get the makeup on and still looked awful. I‚Äôll never be good enough.

I have my wallet, keys, car.. I could seriously just drive as far as my car will take me and never come back. I don‚Äôt want to kill myself exactly, but I could just‚Ä¶ abandon it all. Starve to death eventually. Live homeless on the streets until someone else kills me.. I could just let it all go",0
"im sorry hi, im sorry, i dont have anyone to talk to in real life but i wish everything would just stop, i dont think i want to die, i just want to disappear and just not be here any more ",0
"i feel so pathetic that i just want to die  never had a girlfriend, probably never will. i feel so lonely and touch starved that it hurts. all i want is for someone to love me so i can love them back. i have so much love inside me but i can feel it slowly fermenting into hate. it bothers me so much that this is happening but i cant stop it

i dont get what about me is so repulsive to women. every other guy i know has had been in relationship by now except me. i either get friendzoned or just completely ignored, it makes me feel like i'm barely a human. i don't even know how im delusional enough to keep trying, but every time i do it just results in more failure. dont have many friends either so i just spend most of my time alone on the computer. my life is of very little value to anyone. really wish i could just die peacefully and painlessly in my sleep tonight, im already gonna die alone anyways ",0
"Yeah, f this.  I want to cut. I need to cut. If I can't live a life without cutting then what. Is. The. Point. 

I am done. I'm done!! I'm sick of trying to get better then crashing and being worse than I was before.

There is simply no point anymore. I don't care if I have a family or a boyfriend. If I find out I'm pregnant I'm just gonna do it. If I find out I'm not pregnant I'll probably wait a bit so I can get a good note in place. Either way, I'm dead. I'm selfish. I don't care anymore. I don't feel bad. It won't be my problem once I am dead. I'm over it. I'm over everything. I am fucking over it, man. I can't do this anymore. I can't keep getting sent to the psych ward anymore. I will do what I want to myself and then I will jump. I don't fucking care anymore. I want to fucking mutilate my body. 

Thanks!!! Bye!!! üòÅ",0
"i have the pills  i‚Äôm tired, i want to do it so bad. ",0
"Praying I get terminally ill You ever say there and just hoped on everything in the universe that you get old you have some incurable illness with weeks to live?

That‚Äôs what point I am at now. I have given up mentally. My life is just a series of things that need doing next for everyone and the fucking dog while no one cares enough to try and help in ways that would actually be helpful. I am tired of people
Saying they understand because no one fucking understands this. I live my life in a constant state of stress, anxiety and fight or flight. I have so much pressure in my head that I physically cannot relax. The sound of anyone calling out for me or even the dog barking is enough to send me over the edge. I do my best to stay patient and not lose it on anyone when all I wanna do is just scream and shout at the top of my lungs. Everyday I am more and more mentally exhausted from keeping shit in and trying to maintain composure.  Every attempt I have made to take myself out of this world has failed (much to my dismay) so now I am just hoping that by some miracle I have some quick developing incurable illness. ",0
am i being guilt tripped into staying alive??? is it considered guilt tripping even im 13f and yesterday i was just going through it broüò≠ i was on the verge of suicide and my sister saw me crying and told my mom i was crying so she came upstairs and I straight up told her i was gonna kill myself and she literally just said ‚Äúok lets do it together‚Äù and i got kinda mad cuz wtf?? and then she just started yelling about how much she does for me n shit idk then she started crying and told me to go ahead and do it and said if i did it she would do it to like fs it just made me feel worse and idk what to do atp,0
"I wish that my chronic health problems would kill me I am in so much pain every single fucking day because of psoriatic arthritis. I have degenerative disc disease in the entirety of my thoracic and lumbar spine, L4 is slipping over L5 slowly over time, my facet joints are all degenerating from t10 down, everything is starting to fuse together and now on top of all this bullshit I now have fucking thoracolumbar levoscoliosis which is making my back hurt even more. But with all of that and the other bullshit in my life nothing I have will kill me. It'll cripple me and cause unending agony until they day I die but hey, it's just not good enough to be stuck with that, no I can't even get anything to treat my pain either. I just had a series of injections into my spine that maybe worked slightly for 10 days. And they want to keep doing them. I mean who cares about the long term side effects of frequent steroid use, who cares if we fuck it up he can be paralyzed for life. But no, even tramadol is too fucking much. God I want to just splatter my brain across the ceiling of their office. Maybe they'd actually give a shit if someone fucking suckstarted a gun over their pain. With any luck my immune system will decide to be quirky and go after my heart. That rarely happens with psa. God I wish it would.",0
"Dear World, Why was I born? What purpose brought me here?
Will anyone remember me when I disappear?
Life is but a battle, an endless strife,
Yet I chose kindness, I chose love in this life.
I smiled through pain, yet was never seen,
Criticized, cast aside and left to glean.
What remains, is hope fading like a dream,
As I stand alone, wishing things had been.

Hope once tethered me to this earth,
And even now, I still dream of worth ‚Äî
A peace that frees me from this night,
A final rest, a place of light. 
My dreams have crumbled, fallen apart,
I gave so much, yet lost my heart.
The hope I held that things would change
Has flickered out, now distant, estranged.

I‚Äôve lost it all ‚Äî those I held dear,
Born into a world I cannot adhere.
I‚Äôve searched and wandered, both near and far,
For happiness like a falling star.
Perhaps it lies beyond this place,
A world where love does not erase.
Maybe the trees, the grass, the earth
Are souls like mine, seeking rebirth.

Perhaps I‚Äôll be a tree one day,
Or lie on rocks where waters play,
Where warmth wraps me like a long-lost friend,
As I look up, waiting for the end.
I long for love, for hands that hold
As tightly as my heart grows cold.
I wish I‚Äôd leapt, I wish I‚Äôd flown,
To reach the place where dreams could have grown.

But fate, it seems, was not so kind ‚Äî
This world will spin, leaving me behind.
I‚Äôm scared, I hurt, I don‚Äôt want pain,
Yet still my body fights back, in vain.
Why does my heart still beat, still break?
Why does it bleed when I can‚Äôt take
The burden of this hollow fight,
Alone in my mind like the dark of night.

I am tired, broken, lost in tears,
Crying through these endless years.
May those I love find peace, find grace,
Where I could not fill that empty space.
Live for me ‚Äî live as I could not,
Thrive in ways I have since forgot.
And when I‚Äôm gone, please carry on,
Knowing I am where I belong.

May we meet again, where wrong turns right,
In another life, where hearts reunite.
With this final goodbye, I close my eyes,
Leaving behind all the hurt and lies.
In the quiet beyond, I‚Äôll wait for you there,
Where peace and love may replace despair.
For all I‚Äôve done wrong and couldn‚Äôt make right,
Maybe in the afterlife, I‚Äôll find the light.

R.L.C-P.",0
"I don't want to go to work tomorrow I don't have to and I think we alll know what I could do to make sure I never have to worry about work anymore

I've been thinking about it forever. The last time I grabbed my shotgun I told myself if I take it out I'm probably going to keep  it out until I do it.

Life keeps getting harder. Theres a disconnect between how much you want something, how much effort you put into something, and whether or not you life improves. It's backwards almost, the more I try the worse I feel. 

I'm trying to think of reasons to live, but I don't have anymore. The only reason I haven't fully committed is because I don't want to fuck this up like I fuck everything up. I don't want to have to survive in immense pain (more than usual I guess) and not have a say in how long my life is after I do everything I can to make it as short as possible.

Like, resources on how to aim and whether or not super handicap heavy target ammo would be more appreciated than really any amount of ""help""

Because unless you have a lot of money or a job that doesn't make me want to die, then that's not gonna help",0
"I don‚Äôt want to be here anymore  I threw away my entire life that was going so well due to a manic episode. I said horrible things to family and friends. lost a job that would‚Äôve been a great career for myself. Most importantly, just can‚Äôt live with the way I acted during it. I have been depressed since July when I finally came down from it. I also got a dui during that time, in the process of going through bankruptcy and let go from another job. I‚Äôve lost all my social skillls, too embarrassed to reach out to the friends I lost during the episode. Everyday my thoughts consist of just not wanting to be here. Hoping to figure a way out soon because it has become unbearable to live with this destruction. Mostly writing this to let everything out. ",0
Can someone talk to me please  ,0
"I hate being alive I don't like anything about life. I don't think living a life is worth it. There are not stories to tell. Nothing that I experience is worthy of reflection, consideration, or to be thought of as a ""story"" at all. 

I don't love people anymore. I don't have any feelings towards anyone. I don't care how other people feel, what they think, what they believe. I don't want to help them or bring value to them. 

I don't want to learn new things about the world or contribute to it in any meaningful way. 

I don't want to keep fighting to get out of poverty. On the other side of the hill I don't feel anything at all anyways. I don't feel happy to navigate the challenges of life. 

I am not grateful to be alive. Being grateful for having even the most basic things in life doesn't make any sense because those things can be just as easily taken from you by chance. And therefore even having a healthy body is completely useless and immaterial. Someone could rear end me and leave me crippled, or I could get cancer and become disfigured from life-saving surgery. What good is being alive if I would have to cope with those kinds of losses? I'm not even at that point yet, but I feel like it is innevitable.

There is nothing to make of my time on Earth. I do not feel inspired by anything. In fact I feel extremely resentful for being in the position of being alive. Having to navigate social skills. Having to provide value to others but not enough value or not the right kind thus keeping me struggling in poverty. I don't feel happy when I see my cat. I don't feel happy when I see my mom. I don't feel happy when I see children laughing and playing. I don't feel happy about anything. I can't laugh anymore. I don't feel grateful for not living in a war zone or other bad circumstances. I just feel an immense amount of fear and anxiety. Fear that what I try to do to get out of poverty won't be good enough. Fear that I don't have what it takes. The whole process just makes me want to kill myself anyways. I wish I just had the strength to cut myself open and let myself bleed. ",0
"i will never recover from growing up tje weird/bullied kid irs been so long. i was just a child, but i'm an adult now waitijg for these feelings tk kill me",0
"Being high and suicidal sucks I just feel numb. I had a bad day at work, I feel like my career choice is wrong . I'm so lost, confused and lonely and I don't have anyone besides me . It's just horrible. I love my job but I could never bring a child into this hell . ",0
"What do I ACTUALLY do from here on out? This is kind of a Hail Mary for me, I am genuinely at my wits end and - frankly - just can't fight the urge to simply give up anymore. 

I have suffered with these thoughts for years but now something about them is simply more distinct and ""realised"" if that makes sense and I am back to seeing no discernible future for myself yet again. 

If it helps the advice I am based in the UK, and thank you even if you just read this and can't/don't wish to replyüíú",0
"I dont truly want to be here  Ive come so far, yet im still so fucking stuck where i was to begin with. I dont know what im even fucking doing honestly. Im tired of feeling the way i feel. I feel like a living dead zombie. I dont fucking feel fuck all. Nada. Zero. Fucking nothing. About 20 years of this bullshit, i cant fucking take it anymore. I fucing give up. I have nothing fucking left for me here. ",0
"I don‚Äôt want to grow up. I don‚Äôt want to be on my own. I don‚Äôt want to be alone. I have nothing to live for. If I don‚Äôt end up moving in with my friend in January, I‚Äôm going to end it.  I need for this move to happen. I don‚Äôt want to be alone another. This is my only motivation to wake up and go to work because i desperately wanna be with this person. I‚Äôm willing to build this person back up if it means having his presence to comfort me and give me a reason to live. He‚Äôs the only thing keeping me from ending it. Even if he does end up cheating on me, or he wrongs me, or he kills himself‚Ä¶ at least i would‚Äôve been with him during my last moments. I wouldn‚Äôt be alone. 

I‚Äôve felt so alone my entire life. I had my parents sure but they didn‚Äôt like me. I was never in any of the family photos, never went to family parties, they would fight on who had to sit next to me at restaurants and then whoever had to sit next to me would face their body away from me. I never had any friends. My birthday was almost always forgotten. I‚Äôm 21 now. My birthday is on December 19. My dad died three years ago. I don‚Äôt talk to my sister. And my mom acts completely different towards me now because we have nobody left but ourselves. I‚Äôm starting to cry and yearn for my mom now that im older and circumstances have changed. I need my mom to be okay. There‚Äôs so much issues between us and i know she‚Äôll never understand why I am the way I am but I just need her to live a happy rest of her life. I hope she finds a man who‚Äôs going to actually value her. Who‚Äôs going to take care of her. I really need to go to Portland, Oregon this January and start a new life. I know all these thoughts are going to follow me regardless of where I‚Äôll go but at least, I won‚Äôt be alone. I‚Äôll have someone around for once. He‚Äôs starting to tell me I love you again. I hope he doesn‚Äôt bail on me because he means the world to me‚Ä¶ this move means the world to me. I want to make him happy; I want to heal him. Maybe, along the way, it‚Äôll heal me.  I know nothing lasts forever but I hope we last at least two years. I want to know how to feels to be happy‚Ä¶ at least this one time. ",0
"I'm killing myself tonight I've hurt one too many people. It's time that the world is rid of me once and for all. I've manipulated, lied, and cheated my way to get what I want and its high time that comes to an end.",0
"I (F 31, based in Germany) would like to find somebody to talk to. To share each other's thoughts Doing so bad that I find myself starring at the walls of my flat, the screen of my phone, not being able to execute the simplest tasks. Another evening spent alone in a country that is not my original country. I just would like to talk to you guys to understand what bothers you and to tell you what bothers me. Just to help each other (as I interpret this subreddit). Sending you all a hug.",0
I bought a rope and I'm going to end it tonight  I can't live as a useless and unlovable person anymore. I wish I had a gun instead so I could put a hole in my ugly fucking face,0
"I‚Äôd love to hear about what you find beautiful / meaningful in life.  I‚Äôm really stuck right now in a spiral of terrible thoughts, ranging from not seeing any light in the past or future, to my brain trying to make a ‚Äúplan‚Äù against my will. I‚Äôm spiraling hard in a way I‚Äôve never spiraled before. (To keep things short and simple.) 

I need a light. I need some hope. I need a *distraction* most of all.

What‚Äôs your favorite thing about life? What do you find to be beautiful? Meaningful? What makes *you* happy? Tell me about your hobbies, your favorite music. Anything. 

(Side note) over the past year I‚Äôve stared at this subreddit many times, wondering what to say, but feeling down on myself for feeling like I should post. I don‚Äôt know if it‚Äôs my dad in my head saying ‚Äúyou‚Äôre fine suck it up‚Äù or if it‚Äôs a fear of being perceived. But it‚Äôs so clear to me right now I need connection of some kind. Interaction. I don‚Äôt know. ",0
"How am I supposed to go on a lifetime like this? Hit my mid 20's and I've just started to process my childhood neglect and abuse, linking it with my lifelong depression. I had undiagnosed ADHD growing up, recently-ish diagnosed. Life was pretty hard, I acted out aggressively growing up despite having strong empathy and was massively conflicted. I think I felt I had to protect myself becuase I was abused by my father and brother at a young age, I also have a characteristic that made me the target in school and the street. I couldn't handle my emotions at all and attempted suicide by stangulation at 9 years old. I've had non-stop episodes of suicidal thoughts most of my life from the moment I go to sleep to the minute I wake up. They're from triggers of life stress and feeling as though it's my only way to escape my problems/feelings, but also just waking up after a few days of intense hapiness and hypomania to having instant pain in my chest when I breathe in with depression setting in. It cycles from hours, to days, to weeks. There's an insane amount of things to go into but it's too long. These patterns are something I've only just realised.

I moved out at 19 and improved a bit when I got my degree. I escaped the environment and became who I always wanted to be, but I'm embarrassed of who I was in the past. I've succeeded in most aspects of my life, apart from quite a lot of medical problems. But, I've started to see there's no escaping the mood swings and constant depression. I don't see how it's feasible for me to go on for a lifetime with this pain constantly in my life. Between mood swings I feel neutral and emotionless, I simply exist. I become overly energetic and talkative, reach out to people, to the point where I get embarrassed after because I feel I was too much. But then I suddenly become depressed. 

I can't connect with people at all on a deep level. I have a constant feeling of never being accepted (cliche right? it's not a phase mom). I don't really have anyone in my life. I speak to my parents occaisonally out of obligation and have no contact with the rest of my family. I'm starting to struggle with the emotions towards my parents and  the past, I've been ignoring them mostly.

The world is going to shit and I feel completely stuck. I've pushed myself to work hard through all the pain and somehow managed to do well, at a massive expense of my mental health. But inflation is crazy, I'll now struggle to get a decent wage and probably never have my own house. What was it all for? I feel so hopeless and stuck. I really can't go back to poverty so feel as though have to deal with the high stress, but I can't handle the stress anymore. I'm burntout, I don't know what to do. I'm so stuck.

Essentially no one knows what I'm going through and from the outside I have a perfect life. It makes it all feel so much more invalid. I really don't know what's wrong with me. I truly am starting to think that it's inevitable that I'm going to take my own life.",0
"I want to die but I don't want to make anyone sad I want to die but the thought of making my partner and family members sad is what keeps me here. 
I think about committing all the time. It just does not stop. I just want it all to stop.",0
How does it feel Really want to OD on muscle relaxers but so scared I‚Äôll feel it‚Ä¶ anyone know if it‚Äôs painless.. I just want to go painlessly soon,0
"I can‚Äôt die until after Christmas  I can‚Äôt stop thinking about suicide but I‚Äôm also trying to think of reasons to hang on.

Every plan I write down, I counter with something I need to wait for. 

Planning to jump off a bridge tomorrow? Well I can‚Äôt do that because no one will be around to feed my cats in the evening. 

Planning to overdose? But I‚Äôve really been craving Chinese Food and takeout night isn‚Äôt until Friday.

Planning to hang myself? But i have two days off of work coming up and that means I get to sleep in, so why not hold off until afterwards.

I‚Äôm still making plans all the time. I still really, really want to kill myself. But I haven‚Äôt. I‚Äôm still here even for stupid shit like Chinese food. Fuck me. I just had to write this down so I don‚Äôt forget all the little things keeping me going. Maybe it‚Äôll help someone else too. 
",0
"My Plan I am going to give it three weeks, I need to tie up my loose ends. 
I am going to kill myself in about three weeks. I am a single mom, but my parents will take my daughter. I have two cats my mom adores, I feel she will take them. 
I owe my job nothing, fuck corporate America. I am torn on my decision because I know I am going to hell, and frankly, it scares me. 

I plan to take a bunch of warfarin the week leading up to it so my blood will be incredibly thin. I am going to go to the river and find a spot and cut my wrists. 
I thought about shooting myself, but what a waste of a gun. 

I am hurting so bad, I can't breathe anymore. I am suffocating. God must have a wicked sense of humor. ",0
"I took the pills  I finally took all the pills and now I feel very shaky and jittery but I'm not sure if it's just my imagination. Earlier today I fell and smashed my penis so hard I felt like I was digesting extra fast. I hope they work because that was the final straw. My mom kept saying ""lemme check ya penis, lemme check ya penis just to make sure it's growing right"" and I said no and ran away, and my grandma was blocking the stairs saying ""ok hold it out, let me make sure it's not broken"" and I said no because I'm grown and don't want my family seeing my penis. I realized my dad saw my penis before (family court issues and all that) 

I went to my little brothers room and saw all of his friends there, despite him being 10 years old and all his friends being like  8-10, I went in there, we played and my dad came in there and checked my penis and everything was fine. We had sausages for dinner and it was my first time eating dinner with my family for like 5 years. For some reason I just don't want to be alive. It's too much work and I never really feel happy anymore anyway. I feel like happiness is only an illusion because it always leads to eventual disappointment. Every living thing in this world will someday come to an end",0
"Coworker Moderately disabled coworker, has been hospitalized before.  She is terrified of going back to hospital...was abused there the last time she was institutionalized.  I talked her down and got her to promise me a week until we work together again, then we can touch base.  I need to get her help, but she doesn't trust the hotline or police after what happened.  Any advice, i'm not a mandatory reporter but i don't want her to give in to the darkness. Is there another hotline i can call?",0
"Even though they'll mourn today, tomorrow they'll be at peace Today my parents will (hopefully) go shopping and my siblings can't really stop me because they're overseas, so I'm gonna take the chance to jump from an overpass today. I haven't really met anyone irl, but the people I've met online I should at least tell them, better than leaving them wondering what happened to me.

I know suicide is terrible for those left behind, but I'm sure everyone that knows and cares about me will get over it after I'm gone. I'm not really that important anyway.",0
"Every waking moment of my life is pain and I want it to end. I can‚Äôt do it anymore. I‚Äôm so miserable. With my virginity. My job. My social life. My anxiety, depression, body dysmorphia, autism, ADHD. I can‚Äôt do this anymore. I feel like my life is over at 23.

I feel worse since my post yesterday: https://www.reddit.com/r/SuicideWatch/s/UhnTw0Rmmi",0
