Column1;Column2;;;;;;
"Ideas											";Tag;;;;;;
"¿Pasar de ser pasivamente suicida a ser activamente suicida realmente me alivió? *¿Alguien más ha tenido esta sensación? ¿O lo ha encontrado relatable?												";;;;;;;
"He sido pasivamente suicida desde hace unos meses, pero ayer fue un día excepcionalmente horrible. Dormí hasta muy tarde, olvidé que tenía que ir a trabajar, no podía vestirme, no podía salir de casa, intenté arreglar mi bi	cicleta pero acabé rompiéndola aún más. Luego me entregué a casi to	dos mis vicios autosaboteadores (drogas, porno, comida de mierda, vide	ojuegos, de todo).	";;;;;;;
"Juro que algo se rompió. Lloré muchísimo durante todo el día y me pasé el resto de la noche leyendo febrilmente sobre el suicidio. De hecho, descubrí mi plan. Encontré un documento entero en el que se describen los detalles y se responde a todas las pequeñas preguntas que tenía (lo siento,	no compartir ni siquiera me preguntan), además de una opción de copia de seguridad en caso de que estoy lo suficientemente desesperado como para hacer algo más rápido. Por ahora, estoy en la etapa de adquirir los materiales y poner mis asuntos en orden.Desde que tengo mi método de suicidio resuelto, estoy en un estado de ánimo extrañamente optimista. Es una extraña paradoja. Finalizar mi plan de acción para acabar con mi vida me hizo sentir motivado para salir a vivirla. Estoy haciendo las tareas sin sudar, estoy bailando y escuchando música divertida, estoy recuperando partes de mi personalidad. Me he quitado un gran peso de encima.";;;;;;;
"Por lo que he oído, es habitual que la gente se muestre tranquila o alegre los días previos al intento. ¿Es eso lo que estoy experimentando? Tal vez sea porque ahora tengo una meta? ¿Porque mis días ya no parecen carecer de	sentido como antes? O puede que por fin haya	una vía de escape par	a l	iber	arme de	la mierda de vida que lle	vo. Ya no	me siento tan atrapa	do	y deses	peranzad	o.";;;;;;;
"De todos modos, quería ver si esto alguien aquí tuvo una experiencia similar o quiere opinar sobre esta situación. Estoy activamente suicida por primera vez en mi vida y me siento mucho mejor después de que me di cuenta de mi método. ¿Cuál es el significado detrás de	esto?										";;;;;;;
"""El sistema escolar está hecho específicamente para ser un matadero de retrasados mentales como yo también podría suicidarme. Escucha, ya no tengo otra puta opción, la escuela, literalmente, sólo deja que los putos egoístas tengan éxito. Si no eres el tipo más seguro y diferente que pueden manejar, te joden, te mienten, abusan de su poder y te joden. Todo el	tiempo te echaránhumo por el culo sobre lo mucho que quieren que «triunfes».";;;;;;;
"No estoy «triunfando», me estoy yendo al infierno. Siempre diciéndome que soy un «chico listo» ¿Qué tan estúpido crees que soy? ¿Honestamente crees que creo una palabra de lo que dices?												";;;;;;;
"La escuela no «se preocupa por ti» la escuela no quiere que tengas éxito, la escuela quiere que te caigas por la puerta en la graduación y mueras en las calles para que los de tu clase sean conocidos como la «gente mala».												";;;;;;;
"Sí, así que puede que me ahorque en un baño o algo así. Si tuviera un arma me pegaría un tiro en su oficina, sólo yo, obviamente. Estoy pensando que probablemente solo me cortare en los baños por ahora amigo estoy enfermo v	iviendo una vida de mierda podria haber hecho	mucho mas pero claram	ent	e mi	sangre	es mi unica voz por aqui.	¡JODETE M	""UNDO!"""";1""				";;;;;;;
"No mejora. Si dices eso, te odio. 28 años he estado atrapado en este miserable montón de mierda. He malgastado miles de dólares hablando con gilipollas idiotas que no hacen más que ahogarme con metáforas sobre lo bonita que	es la vida, ¡y es bonita para esos cabrones	porque NO SON YO! Todo	lo	que	he pro	bado no ha aliviado en abs	oluto esta	maldita maldición.	He	mandado	a la mi	""erda a mi terapeuta y he tirado las pastillas por el retrete porque ya he terminado con todo. Y si dices que mejora, puedes irte a la mierda con un pincho de ferrocarril cubierto de ácido porque ni siquiera sabes si eso es verdad. Así que vete a la mierda tú y todos los que piensen que ayuda.;1""";;;;;;;
"""Estoy tan deprimido que mis razones para suicidarme son cada vez más lógicas en lugar de irracionales. Es como si se me ocurrieran razones por las que es más lógico suicidarme que seguir vivo.												";;;;;;;
"1. Por qué ser una cáscara sin emociones cuando potencialmente podría reencarnarme en una vida más feliz?												";;;;;;;
"2. Mis circunstancias son las razones de mi depresión, pero sólo hay tantas fuerzas externas que realmente puedes controlar.												";;;;;;;
"3. 3. Si la vida después de la muerte y Dios existen, eso hace que mi vida no tenga sentido, porque me voy a reencarnar en algún maricón inútil en la siguiente ronda. Y odio a la gente que NO SOY yo.												";;;;;;;
"4. Si no hay dios o vida después de la muerte, entonces me avergüenzo de ser esta forma de vida de tipo simio lanza mierda en lugar de algo con inteligencia mejorada e invulnerabilidad.												";;;;;;;
"5. Ya no puedo usar la ficción como vía de escape porque me hace sentir que esos mundos son reales y que podría ir a ellos si me suicidara.												";;;;;;;
"6. La gente que da vueltas sobre lo bonita que es la vida, curiosamente, hace que me den aún más ganas de suicidarme por lo absurda que es. En realidad no se lo creen, están bajo los efectos de la simple cafeína.												";;;;;;;
"7. Si la fuente que todo lo ama es real y se siente mejor que estar vivo...bueno idk chicos. Pensé que la espiritualidad se suponía que me haría querer vivir, no convencerme de ir.												";;;;;;;
"En resumen, el ser humano no puede decidirse y me da vergüenza seguiros el juego.												";;;;;;;
"Edit: perdón por el formato, estoy cansado rn."";1												";;;;;;;
"Si hubiera un botón para morir, lo pulsaría. Pero hacer algo sería demasiado trabajo. ;1												";;;;;;;
"""En una hora me habré ido En una hora voy a acabar con mi vida.												";;;;;;;
"Llevo demasiado tiempo sin hogar y k lucho cada día.												";;;;;;;
"Tengo frío y hambre constantemente y mi												";;;;;;;
"mente ya no puede más. He tomado mi decisión y me siento feliz porque sé que todo acabará pronto. No tengo nada más que decir pero buena suerte si estás leyendo esto. "";1												";;;;;;;
"""Lo siento a mis padres, no fui lo suficientemente bueno.												";;;;;;;
"Lo siento por mis amigos, debería haber disfrutado un poco más de nuestros momentos.												";;;;;;;
"Lo siento por mi hermano pequeño, siento mucho haber sido el mejor hermano para ti.												";;;;;;;
"Lo siento por mi joven yo. Lo siento profundamente.												";;;;;;;
"Lo siento por todos.												";;;;;;;
"No puedo soportarlo más"";1												";;;;;;;
"¿puedo morir si tomo una sobredosis de analgésicos? No sé si esto pertenece a este lugar, pero necesito consejo. mañana por mi decimoséptimo cumpleaños planeo tomar una sobredosis. mi vida es terrible odio todo me odio a mí	misma tengo problemas mentales, lucho con au	tolesiones y pensamien	tos	sui	cidas t	odos los días. Ya no puedo	funcionar	con normalidad. Ya	he	intenta	do suici	""darme tres veces por sobredosis de analgésicos, placebo, neurol y demás. Nunca he tenido nada peor que náuseas. Estoy planeando este intento para dentro de unas semanas, hace un mes compré 2 paquetes de paralen y 1 paquete individual de ibalgin. si me lo tomo todo (unos 70 comprimidos) y bebo alcohol, ¿realmente podría morir? Conozco los efectos secundarios y los posibles problemas de salud con el hígado y los riñones, etc., sinceramente me da igual. Sé que hay una pequeña posibilidad de morir, pero conozco casos en los que ocurrió y tomaron menos medicamentos. Yo tomé como mucho 20 paralens y no me sentí mal. por favor absténganse de estupideces, no digan que no debería hacerlo, que debería esperar tiempos mejores, etc. Realmente ya no puedo y no tengo el valor para suicidarme de una manera mas extrema.;1""";;;;;;;
"""mi cara me hace querer morir												";;;;;;;
"la odio la odio tanto que me dan ganas de llorar cada vez que la miro odio mirar a todas las chicas guapas cada vez que salgo odio mi nariz odio mi perfil lateral y mi estupida forma de cara me gustaria parecerme a una puta	mujer me dan ganas de morirme. ¿Por qué demo	nios nací con esta car	a?	Odio	tanto	mirarla. ¿Qué sentido tien	e mi exist	encia si no soy guap	a?	No impo	rta cuán	""to me esfuerce, nunca importa porque soy fea de cojones."""";0""";;;;;;;
"creo que acabo de perder la oportunidad de sentirme feliz alguna vez no creo que siga siendo una posibilidad para mí. las drogas pueden simularlo en cierto modo pero no son lo suficientemente buenas. no sé cómo sentirme fel	iz. no sé si siento lo que sienten los demás.	algo falla en mí. me	fal	ta a	lgo. qu	iero volver a casa pero es	toy en cas	a. quiero volver a c	as	a. quier	o irme.	""quiero irme.;1""";;;;;;;
"A la mierda ser «orgulloso» y «único» por ser trans. Quiero ser normal. Pero nunca lo seré. Estoy maldito a ser trans para siempre. Toda mi vida eso nunca cambiará. A la mierda con esto. Si no va a cambiar en toda mi vida,	""mejor que esa vida sea lo más corta posible.;""	0										";;;;;;;
"Toda mi familia inmediata ha muerto.  A los 36 años, intenté recuperar mi vida después de haber sido cuidadora durante más de 15 años. Lo intenté. Hice todo lo que pude tras la muerte de mi último familiar directo para corr	egir la trayectoria de mi vida. Estoy orgullo	sa de la lucha que di	par	a re	cuperar	mi vida. Sin hijos, sin p	erros, sin	familia. Tengo un t	ít	ulo y ce	rtificac	""iones. Agradezco lo que mi hermanastro ha hecho por mí. Llevo semanas solicitando trabajo. Una entrevista. Montones de rechazos. Los cuidadores no son tomados en serio por ninguna empresa. Incluso con familiares lejanos en empresas importantes, nada. Ya tengo mi plan. Voy a esperar hasta que todo esté absolutamente FUBAR e ir a un parque maravilloso y dejar ir. No tengo nada más que me retenga aquí. Nadie. Ninguna relación cercana. ;0""";;;;;;;
"""Lo siento mamá sé que estoy siendo egoísta pero no quiero seguir viviendo así. No quiero despertarme mañana y vivir otro día así, luego otro, luego otro, luego otro. Esto no tiene fin. No quiero morir. Quiero vivir, quiero	ser feliz, quiero viajar por el mundo algún	día. Pero nada de eso	suc	eder	á jamás	. Estoy atrapada así. Sigo	esperando	que alguien me salv	e	pero eso	nunca v	a a pasar, la vida no funciona así. Y estoy tan jodidamente cansada.";;;;;;;
"Tengo delante pastillas como para matar a un caballo y he escrito una nota. No fallaré esta vez, he aprendido de mi último fracaso.												";;;;;;;
"Lo siento mamá, sé que esto te dolerá. Lo siento por ser una hija de mierda.												";;;;;;;
"Edit 2: Sí, algo está pasando, definitivamente están empezando a hacer efecto ahora. Mis piernas se sienten pesadas y me siento un poco cansado"";1												";;;;;;;
"Varón con TDC, autismo, ansiedad severa y depresión severa, todo confirmado por múltiples psiquiatras. Sentencia de muerte social masculina. Joder. ¿Hay algo que hacer EXCEPTO suicidarme? No me apetece. Quiero una vida soci	al. Pero la gente huele la enfermedad en mí y	huir. (Me ducho no es	mi	olo	r real)	....Otro componente de la	cosa olor	podría ser mi perfu	me	de arán	danos. Q	""uiero oler a arándanos. Es un spritz en el aire no tiro la botella y es un olor a arándano suave no como saborizante de caramelo. A la mierda el suicidio pospuesto. Investigaré más el asunto de los arándanos. ;0""";;;;;;;
"Creo que aunque superara todos mis problemas de salud mental, seguiría queriendo suicidarme por la mierda de mundo que hay.  La gente es tan gilipollas con los demás. Ojalá hubiera nacido en los 90, porque quizá tendría alg	unas habilidades sociales. Culpo a estos mald	itos dispositivos elec	tró	nico	s. Y es	toy harto de la puta polít	""ica.;1""					";;;;;;;
"""Sólo otro «hombre negro enfadado» Tanta ira visceral. Tanto odio.												";;;;;;;
"No tengo más que odio por casi todo en mi campus universitario												";;;;;;;
"Odio los pasillos												";;;;;;;
"Odio el pelo en el lavabo del baño												";;;;;;;
"Odio las malditas ardillas estúpidas												";;;;;;;
"Odio las bicicletas veo												";;;;;;;
"Odio que el supermercado de la universidad me cobre 20 céntimos por bolsa de mierda												";;;;;;;
"Odio a los estudiantes internacionales que caminan por el carril bici												";;;;;;;
"Odio el Chipotle que me da proporciones en miniatura												";;;;;;;
"Odio las moscas en mi clase												";;;;;;;
"Odio a las parejas que acaparan la sala de estudio												";;;;;;;
"Odio el hecho de tener 5 clases en un día												";;;;;;;
"Odio sentirme solo en un lugar en el que nunca estoy solo												";;;;;;;
"Odio sentir que estoy aprendiendo mucho, sólo para hacer un examen y saber que no sé nada												";;;;;;;
"Odio a los estudiantes racialmente insensibles que responden anónimamente a las encuestas que preguntan a los estudiantes negros cómo se sienten en el campus con «matad a todos los nigg*rs»												";;;;;;;
"Odio ser negro aquí												";;;;;;;
"Odio recibir sonrisas falsas allá donde voy												";;;;;;;
"Odio que la gente evite sentarse a mi lado en un autobús abarrotado donde literalmente no hay sitio												";;;;;;;
"Odio estar demasiado deprimido para concentrarme en mi trabajo y mantenerme despierto.												";;;;;;;
"Odio estar demasiado ansioso para estar con gente durante largos periodos de tiempo y hacer amigos.												";;;;;;;
"Odio ser una persona autista de alto funcionamiento sin diagnosticar a la que le cuesta adaptarse a los cambios.												";;;;;;;
"Odio sentir que tengo que ser perfecta para merecer estar en el campus.Odio trabajar el doble sólo para hacer cosas mediocres												";;;;;;;
"Odio haberme hecho amigo de personas que me traicionaron y dieron por sentada mi amabilidad												";;;;;;;
"Odio que algunas de las personas a las que una vez llamé amigos sean racistas por lo bajo y me hayan insultado varias veces												";;;;;;;
"Odio que siempre que se lo conté a alguien, la mayoría de mis amigos menospreciaron mis sentimientos y siguieron saliendo con ellos hasta que descubrieron lo gilipollas que eran en realidad												";;;;;;;
"Odio haberlos perdonado a todos.												";;;;;;;
"Odio que mis únicos amigos de verdad ya se hayan graduado o estén demasiado ocupados para quedar conmigo.												";;;;;;;
"Odio pedir ayuda a la gente y sentir que soy una carga.												";;;;;;;
"Odio que la única chica que era un interés romántico resultara ser una bebedora y fumadora empedernida que sólo me hablaba porque había roto con su ex maltratador.												";;;;;;;
"Odio saber que voy a graduarme y entrar en el mundo real, donde voy a ser responsable de mí mismo.												";;;;;;;
"Odio saber que voy a volver a casa a una ciudad plagada de delincuencia donde siempre tendré que vigilar mis espaldas y todo el mundo es siempre malo.												";;;;;;;
"Odio tener que pasar por delante de tanta gente sin hogar en mi ciudad sabiendo que no podré hacer mucho para ayudarles.												";;;;;;;
"Odio que Internet me siga alimentando con contenidos racistas y de la Manosfera.												";;;;;;;
"Odio lo reñidas que van a ser estas elecciones"";1												";;;;;;;
"ME SIGUEN JODIENDO LA SANIDAD MENTAL ME VOY A SUICIDAR  ;1												";;;;;;;
"""Los últimos 13 años he estado procrastinando mi suicidio Eso es todo lo que he estado haciendo, todo lo que ha estado sucediendo, aparte de los acontecimientos ligeramente distractores que he observado a través de la niebl	a. He hecho muchos «progresos» con mi salud m	ental, sigo esforzándo	me	al m	áximo c	ada día, porque mi dolor n	o es tan m	alo como el posible	do	lor de m	i famili	a. Así que voy a seguir existiendo, pero no importa lo que haga, no veo esperanza. Me he sentido muerta, como un fantasma, durante mucho tiempo y las drogas han sido el único momento en que he escapado de este sentimiento por poco tiempo. Me siento distante y aislada, por mucho que derrame mi «alma» ante la gente, por muy vulnerable que haya aprendido a ser. Estoy en el limbo, teniendo que ver cómo otras personas forman conexiones entre sí, quizá conmigo, pero en realidad, estoy lejos, muy lejos.";;;;;;;
"No importa cuánto intentes llenar tu vida de belleza, si estás mirando a través de unas gafas de color mierda.												";;;;;;;
"Siempre estoy en modo de espera. Sé que aún no es mi momento y que no debería acelerarlo. Pero estoy siendo honesto conmigo mismo. Siempre estoy esperando, siempre deseando una cosa, y es escapar por fin de esta prisión de	""mi mente una vez que muera."""";1""											";;;;;;;
"Estoy pensando en suicidarme sólo tengo 16 y soy obeso. Y todo el mundo a mi alrededor me lo recuerda;1												";;;;;;;
"""No tengo que conducir a casa estoy muy bien vestido para mis fotos de graduación que acabo de hacer con. Luché con mis lágrimas para maquillarme y aún así me veía horrible. Nunca seré lo suficientemente buena.												";;;;;;;
"Tengo mi billetera, llaves, auto... En serio, podría conducir tan lejos como mi auto me lleve y nunca volver. No quiero suicidarme exactamente, pero podría... abandonarlo todo. Morir de hambre eventualmente. Vivir sin hogar	en las calles hasta que alguien me mate.. Po	""dría dejarlo todo"""";0""										";;;;;;;
"lo siento hola, lo siento, no tengo a nadie con quien hablar en la vida real, pero me gustaría que todo se detuviera, no creo que quiera morir, sólo quiero desaparecer y no estar aquí nunca más. ;0												";;;;;;;
"""me siento tan patetico que solo quiero morirme nunca he tenido novia, probablemente nunca la tendre. me siento tan solo y hambriento de contacto que duele. todo lo que quiero es que alguien me ame para poder amarlos de vue	lta. tengo tanto amor dentro de mi pero puedo	sentirlo fermentando	len	tame	nte en	odio. me molesta tanto que	esto este	pasando pero no pue	do	detener	lo	";;;;;;;
"no entiendo que hay en mi que sea tan repulsivo para las mujeres. todos los chicos que conozco ya han tenido una relacion, excepto yo. o me hacen amigos o me ignoran completamente, me hace sentir como si apenas fuera un ser	humano. ni siquiera se como puedo ilusionarm	e tanto como para segu	ir	inte	ntandol	o, pero cada vez que lo ha	go solo re	sulta en mas fracaso	.	tampoco	tengo mu	""chos amigos, asi que paso la mayor parte del tiempo solo en el ordenador. mi vida tiene muy poco valor para nadie. realmente me gustaria poder morir en paz y sin dolor mientras duermo esta noche, de todas formas ya voy a morir solo. """";1""";;;;;;;
"""Sí, a la mierda.  Quiero cortar. Necesito cortar. Si no puedo vivir una vida sin cortar entonces qué. Es. El. Punto.												";;;;;;;
"He terminado. Estoy harta. Estoy harto de tratar de mejorar y luego chocar y ser peor de lo que era antes.												";;;;;;;
"Simplemente ya no tiene sentido. No me importa si tengo una familia o un novio. Si descubro que estoy embarazada lo haré. Si descubro que no estoy embarazada probablemente esperaré un poco para poder poner una buena nota. D	e cualquier manera, estoy muerta. Soy egoísta	. Ya no me importa. No	me	sie	nto mal	. No será mi problema una	vez que es	té muerto. Lo he sup	er	ado. Lo	he super	ado todo. Lo he superado, joder. No puedo seguir con esto. No puedo seguir siendo enviado a la sala de psiquiatría. Me haré lo que quiera y luego saltaré. Ya no me importa una mierda. Quiero mutilar mi cuerpo.";;;;;;;
"¡¡Gracias!! ¡¡¡Bye!!! ??"";1												";;;;;;;
"tengo las pastillas estoy cansado, tengo tantas ganas de hacerlo. ;1												";;;;;;;
"""Rezando para tener una enfermedad terminal ¿Alguna vez has dicho allí y acaba de esperar en todo en el universo que usted envejece tiene alguna enfermedad incurable con semanas de vida?												";;;;;;;
"Ese es el punto en el que me encuentro ahora. Me he rendido mentalmente. Mi vida es sólo una serie de cosas que hay que hacer a continuación para todo el mundo y el perro de mierda, mientras que nadie se preocupa lo suficie	nte como para tratar de ayudar de manera que	en realidad sería útil	. E	stoy	cansad	o de que la gente						";;;;;;;
"Diciendo que lo entienden porque nadie lo entiende. Vivo mi vida en un estado constante de estrés, ansiedad y lucha o huida. Tengo tanta presión en la cabeza que físicamente no puedo relajarme. El sonido de alguien llamándo	me o incluso el ladrido del perro es suficien	te para ponerme al lím	ite	. Ha	go todo	lo que puedo para ser pac	iente y no	perder los estribos	c	uando lo	único q	""ue quiero es gritar a pleno pulmón. Cada día estoy más agotada mentalmente por contenerme e intentar mantener la compostura.  Todos los intentos que he hecho para salir de este mundo han fracasado (para mi consternación), así que ahora sólo espero que por algún milagro tenga alguna enfermedad incurable de rápido desarrollo. """";1""";;;;;;;
"estoy siendo culpa tripped en seguir con vida??? ¿se considera culpa tripping incluso im 13f y ayer yo estaba pasando por ella bro?? yo estaba al borde del suicidio y mi hermana me vio llorando y le dijo a mi mamá que estab	a llorando así que ella subió las escaleras y	yo directamente le di	je	que	iba a s	uicidarme y ella, literalm	ente, sólo	dijo «ok vamos a ha	ce	rlo junt	os» y me	""puse un poco enojado porque wtf? ? y entonces ella empezó a gritar acerca de lo mucho que hace por mí y mierda idk entonces ella empezó a llorar y me dijo que seguir adelante y hacerlo y dijo que si lo hacía ella lo haría a como fs sólo me hizo sentir peor y idk qué hacer atp;1""";;;;;;;
"Desearía que mis problemas crónicos de salud me mataran, tengo tanto dolor cada maldito día debido a la artritis psoriásica. Tengo la enfermedad degenerativa del disco en la totalidad de mi columna torácica y lumbar, L4 se	está deslizando sobre L5 lentamente con el ti	empo, mis articulacion	es	face	tarias	están degenerando desde t1	0 hacia ab	ajo, todo está empez	an	do a fus	ionarse	""y ahora en la parte superior de toda esta mierda ahora tengo levoscoliosis toracolumbar mierda que está haciendo que mi espalda duele aún más. Pero con todo eso y las demás gilipolleces de mi vida nada de lo que tengo me matará. Me dejará lisiado y me causará una agonía interminable hasta el día en que me muera, pero oye, no es lo suficientemente bueno estar atascado con eso, no, ni siquiera puedo conseguir nada para tratar mi dolor tampoco. Acabo de recibir una serie de inyecciones en la columna vertebral que tal vez funcionaron ligeramente durante 10 días. Y quieren seguir haciéndolas. Quiero decir que a quién le importan los efectos secundarios a largo plazo del uso frecuente de esteroides, a quién le importa si la cagamos puede quedar paralizado de por vida. Pero no, incluso el tramadol es demasiado. Dios, quiero salpicar mi cerebro en el techo de su oficina. Tal vez les importaría una mierda si alguien les disparara un arma por su dolor. Con un poco de suerte mi sistema inmunológico decidirá ser peculiar e ir tras mi corazón. Eso rara vez pasa con la PSA. Dios, ojalá pasara.;0""";;;;;;;
"""Querido mundo: ¿Por qué nací? ¿Qué propósito me trajo aquí?												";;;;;;;
"¿Me recordará alguien cuando desaparezca?												";;;;;;;
"La vida no es más que una batalla, una lucha sin fin,												";;;;;;;
"Sin embargo, elegí la bondad, elegí el amor en esta vida.												";;;;;;;
"Sonreí a través del dolor, pero nunca me vieron,												";;;;;;;
"Criticado, dejado de lado y abandonado a su suerte.												";;;;;;;
"Lo que queda, es la esperanza desvaneciéndose como un sueño,												";;;;;;;
"Mientras estoy solo, deseando que las cosas hubieran sido.												";;;;;;;
"La esperanza una vez me ató a esta tierra,												";;;;;;;
"E incluso ahora, todavía sueño con el valor -												";;;;;;;
"Una paz que me libere de esta noche,												";;;;;;;
"Un descanso final, un lugar de luz.												";;;;;;;
"Mis sueños se han desmoronado,												";;;;;;;
"Di tanto, pero perdí mi corazón.												";;;;;;;
"La esperanza que tenía de que las cosas cambiarían												";;;;;;;
"Se ha desvanecido, ahora distante, distanciada.												";;;;;;;
"Lo he perdido todo, a los que quería,												";;;;;;;
"Nacido en un mundo al que no puedo adherirme.												";;;;;;;
"He buscado y vagado, cerca y lejos,												";;;;;;;
"Buscando la felicidad como una estrella fugaz.												";;;;;;;
"Tal vez se encuentra más allá de este lugar,												";;;;;;;
"Un mundo donde el amor no se borra.												";;;;;;;
"Tal vez los árboles, la hierba, la tierra												";;;;;;;
"Son almas como la mía, buscando renacer.												";;;;;;;
"Tal vez seré un árbol algún día,												";;;;;;;
"O yacer en las rocas donde juegan las aguas,												";;;;;;;
"Donde el calor me envuelve como un amigo perdido,												";;;;;;;
"Mientras miro hacia arriba, esperando el final.												";;;;;;;
"Anhelo el amor, las manos que sostienen												";;;;;;;
"Tan fuerte como mi corazón se enfría.												";;;;;;;
"Ojalá hubiera saltado, ojalá hubiera volado,												";;;;;;;
"Para alcanzar el lugar donde los sueños podrían haber crecido.												";;;;;;;
"Pero el destino, al parecer, no fue tan amable -												";;;;;;;
"Este mundo girará, dejándome atrás.												";;;;;;;
"Tengo miedo, me duele, no quiero dolor,												";;;;;;;
"Sin embargo, todavía mi cuerpo se defiende, en vano.												";;;;;;;
"¿Por qué mi corazón aún late, aún se rompe?												";;;;;;;
"¿Por qué sangra cuando no puedo soportar												";;;;;;;
"La carga de esta lucha hueca,												";;;;;;;
"Solo en mi mente como la oscuridad de la noche.												";;;;;;;
"Estoy cansado, roto, perdido en lágrimas,												";;;;;;;
"Llorando a través de estos interminables años.												";;;;;;;
"Que aquellos que amo encuentren paz, encuentren gracia,												";;;;;;;
"Donde yo no pude llenar ese espacio vacío.												";;;;;;;
"Vive por mí - vive como yo no pude,												";;;;;;;
"Prosperen en formas que he olvidado.												";;;;;;;
"Y cuando me haya ido, por favor continúen,												";;;;;;;
"Sabiendo que estoy donde pertenezco.												";;;;;;;
"Que nos encontremos de nuevo, donde el mal se convierte en bien,												";;;;;;;
"En otra vida, donde los corazones se reúnen.												";;;;;;;
"Con este último adiós, cierro mis ojos,												";;;;;;;
"Dejando atrás todo el dolor y las mentiras.												";;;;;;;
"En la tranquilidad del más allá, te esperaré allí,												";;;;;;;
"Donde la paz y el amor puedan reemplazar la desesperación.												";;;;;;;
"Por todo lo que hice mal y no pude hacer bien,												";;;;;;;
"Tal vez en la otra vida, encontraré la luz.												";;;;;;;
"""No quiero ir a trabajar mañana no tengo que hacerlo y creo que todos sabemos lo que podría hacer para asegurarme de que nunca más tengo que preocuparme por el trabajo.												";;;;;;;
"He estado pensando en ello desde siempre. La última vez que cogí mi escopeta me dije a mi mismo que si la sacaba probablemente la mantendría fuera hasta que lo hiciera.												";;;;;;;
"La vida se hace cada vez más difícil. Hay una desconexión entre cuánto quieres algo, cuánto esfuerzo pones en algo y si tu vida mejora o no. Es casi al revés, cuanto más me esfuerzo peor me siento.												";;;;;;;
"Intento pensar en razones para vivir, pero ya no las tengo. La única razón por la que no me he comprometido del todo es porque no quiero joder esto como lo jodo todo. No quiero tener que sobrevivir con un dolor inmenso (más	de lo normal, supongo) y no poder opinar sob	re la duración de mi v	ida	des	pués de	hacer todo lo posible par	a que sea	lo más corta posible	.			";;;;;;;
"Al igual que, los recursos sobre cómo apuntar y si es o no super handicap munición de puntería pesada sería más apreciado que realmente cualquier cantidad de «ayuda»												";;;;;;;
"Porque a menos que usted tiene un montón de dinero o un trabajo que no me dan ganas de morir, entonces eso no va a ayudar a"";1												";;;;;;;
"Ya no quiero estar aquí tiré por la borda toda mi vida que iba tan bien debido a un episodio maníaco. Dije cosas horribles a familiares y amigos. Perdí un trabajo que habría sido una gran carrera para mí. Y lo más important	e, simplemente no puedo vivir con la forma en	que actué durante él.	He	est	ado dep	rimido desde julio, cuando	finalment	e salí de ella. Tamb	ié	n me die	ron un d	""ui durante ese tiempo, en el proceso de ir a través de la quiebra y dejar ir de otro trabajo. He perdido todas mis habilidades sociales, demasiado avergonzado para llegar a los amigos que perdí durante el episodio. Todos los días mis pensamientos consisten en no querer estar aquí. Espero encontrar una salida pronto porque se ha vuelto insoportable vivir con esta destrucción. Sobre todo escribo esto para desahogarme. ;0""";;;;;;;
"¿Puede alguien hablar conmigo, por favor?  ;0												";;;;;;;
"""Odio estar vivo no me gusta nada de la vida. No creo que vivir una vida merezca la pena. No hay historias que contar. Nada de lo que experimento es digno de reflexión, consideración o de ser considerado como una «historia»	en absoluto.											";;;;;;;
"Ya no amo a la gente. No tengo sentimientos hacia nadie. No me importa cómo se sienten los demás, lo que piensan, lo que creen. No quiero ayudarles ni aportarles valor.												";;;;;;;
"No quiero aprender cosas nuevas sobre el mundo ni contribuir a él de manera significativa.												";;;;;;;
"No quiero seguir luchando para salir de la pobreza. Al otro lado de la colina no siento nada en absoluto. No me siento feliz de afrontar los retos de la vida.												";;;;;;;
"No estoy agradecido por estar vivo. Estar agradecido por tener incluso las cosas más básicas de la vida no tiene ningún sentido porque esas cosas te las pueden arrebatar con la misma facilidad por casualidad. Por tanto, inc	luso tener un cuerpo sano es completamente in	útil e inmaterial. Alg	uie	n po	dría at	ropellarme y dejarme lisia	do, o podr	ía contraer cáncer y	q	uedar de	sfigurad	""o a causa de una operación quirúrgica que me salvaría la vida. ¿De qué me serviría estar vivo si tuviera que hacer frente a ese tipo de pérdidas? Aún no he llegado a ese punto, pero siento que es inevitable."""";1""";;;;;;;
"nunca me recuperaré de haber crecido como un niño raro/acosado. ha pasado tanto tiempo. yo era sólo un niño, pero ahora soy un adulto esperando que estos sentimientos me maten.;0												";;;;;;;
"Being high and suicidal sucks I just feel numb. I had a bad day at work, I feel like my career choice is wrong . I'm so lost, confused and lonely and I don't have anyone besides me . It's just horrible. I love my job but I	""could never bring a child into this hell . ;0""											";;;;;;;
"""¿Qué hago REALMENTE a partir de ahora? Esto es una especie de Ave María para mí, estoy realmente en mi extremo de la ingenuidad y - francamente - simplemente no puede luchar contra el impulso de simplemente darse por venci	do más.											";;;;;;;
"He sufrido con estos pensamientos durante años, pero ahora algo en ellos es simplemente más claro y «se dio cuenta» si eso tiene sentido y estoy de vuelta a ver ningún futuro discernible para mí una vez más.												";;;;;;;
"Si ayuda a los consejos que se basan en el Reino Unido, y gracias, incluso si usted acaba de leer esto y no puede / no desea reply??"";0												";;;;;;;
"Yo realmente no quiero estar aquí Ive llegado tan lejos, sin embargo, todavía estoy tan jodidamente atascado donde estaba para empezar. No sé ni lo que estoy haciendo honestamente. Estoy cansado de sentir la forma en que me	siento. Me siento como un zombie muerto vivi	ente. No siento una mi	erd	a. N	ada. Ce	ro. Nada de nada. 20 años	de esta mi	erda, no puedo sopor	ta	rlo más.	Me rind	""o. No me queda nada aquí.;0""";;;;;;;
"""No quiero crecer. No quiero estar solo. No quiero estar solo. No tengo nada por lo que vivir. Si no termino mudándome con mi amigo en enero, voy a terminar. Necesito que esta mudanza ocurra. No quiero estar sola otra vez.	Esta es mi única motivación para levantarme e	ir a trabajar porque	qui	ero	desespe	radamente estar con esta p	ersona. Es	toy dispuesto a cons	tr	uir esta	persona	de nuevo si eso significa tener su presencia para consolarme y darme una razón para vivir. Él es lo único que me impide terminar. Aunque acabe engañándome, o me haga daño, o se suicide... al menos habría estado con él en mis últimos momentos. No estaría sola.";;;;;;;
"Me he sentido tan sola toda mi vida. Tenía a mis padres, claro, pero no les caía bien. Nunca salí en ninguna foto familiar, nunca fui a fiestas familiares, se peleaban por quién tenía que sentarse a mi lado en los restauran	tes y entonces el que tenía que sentarse a mi	lado miraba su cuerpo	en	dir	ección	contraria a la mía. Nunca	tuve amigo	s. Casi siempre se o	lv	idaban d	e mi cum	""pleaños. Ahora tengo 21 años. Mi cumpleaños es el 19 de diciembre"""";1""";;;;;;;
"Esta noche me mato, he hecho daño a demasiada gente. Es hora de que el mundo se deshaga de mí de una vez por todas. He manipulado, mentido y engañado a mi manera de conseguir lo que quiero y su alto tiempo que llega a su fi	""n.;1""											";;;;;;;
"Yo (F 31, con sede en Alemania) me gustaría encontrar a alguien con quien hablar. Para compartir los pensamientos de los demás Hacer tan mal que me encuentro mirando las paredes de mi piso, la pantalla de mi teléfono, sin s	er capaz de ejecutar las tareas más simples.	Otra noche sola en un	paí	s qu	e no es	el mío. Sólo me gustaría	hablar con	vosotros para enten	de	r lo que	os mole	""sta y deciros lo que me molesta a mí. Sólo para ayudarnos mutuamente (como yo interpreto este subreddit). Os mando un abrazo a todos.;0""";;;;;;;
"He comprado una cuerda y voy a acabar con ella esta noche ya no puedo vivir como una persona inútil y sin amor. Desearía tener una pistola en su lugar para poder hacer un agujero en mi fea cara de mierda;1												";;;;;;;
"""Me encantaría que me contaras lo que encuentras bello / significativo en la vida. Estoy realmente atascado en este momento en una espiral de pensamientos terribles, que van desde no ver ninguna luz en el pasado o el futuro	, a mi cerebro tratando de hacer un «plan» en	contra de mi voluntad	. E	stoy	entran	do en una espiral de una f	orma que n	unca antes había ent	ra	do. (Par	a abrevi	ar y simplificar).";;;;;;;
"Necesito una luz. Necesito un poco de esperanza. Necesito una *distracción* sobre todo.												";;;;;;;
"¿Qué es lo que más te gusta de la vida? ¿Qué te parece hermoso? ¿Qué tiene sentido? ¿Qué te hace *feliz*? Háblame de tus aficiones, de tu música favorita. Cualquier cosa.												";;;;;;;
"(Nota al margen) Durante el último año he mirado este subreddit muchas veces, preguntándome qué decir, pero sintiéndome mal conmigo misma por sentir que debería publicar. No sé si es mi padre en mi cabeza diciéndome «estás	bien, aguántate» o si es miedo a ser percibid	a. Pero ahora mismo te	ngo	tan	claro	que necesito algún tipo de	conexión.	Interacción. Intera	cc	ión. No	""lo sé."""";""	0";;;;;;;
"""¿Cómo se supone que voy a seguir así toda la vida? Tengo veintitantos años y acabo de empezar a procesar el abandono y los abusos de mi infancia, relacionándolos con mi depresión de por vida. Tuve un TDAH no diagnosticado	mientras crecía, diagnosticado hace poco. La	vida era muy dura, me	com	port	aba de	forma agresiva a pesar de	tener una	gran empatía y era m	uy	conflic	tiva. Cr	eo que sentía que tenía que protegerme porque mi padre y mi hermano abusaron de mí a una edad temprana, y también porque tengo una característica que me convertía en el blanco en la escuela y en la calle. No podía manejar mis emociones en absoluto e intenté suicidarme por estrangulamiento a los 9 años. He tenido episodios ininterrumpidos de pensamientos suicidas la mayor parte de mi vida, desde el momento en que me acuesto hasta el minuto en que me despierto. Se deben a desencadenantes de estrés vital y a la sensación de que es mi única forma de escapar de mis problemas/sentimientos, pero también al hecho de despertarme después de unos días de intensa felicidad e hipomanía y sentir un dolor instantáneo en el pecho al inspirar con la aparición de la depresión. Son ciclos de horas, días y semanas. Hay una cantidad insana de cosas para entrar, pero es demasiado largo. Acabo de darme cuenta de estos patrones.";;;;;;;
"Esencialmente nadie sabe por lo que estoy pasando y desde fuera tengo una vida perfecta. Eso hace que todo parezca mucho más inválido. Realmente no sé qué me pasa. Estoy empezando a pensar que es inevitable que me quite la	""vida."""";1""											";;;;;;;
"""Quiero morirme pero no quiero entristecer a nadie Quiero morirme pero la idea de entristecer a mi pareja y a los miembros de mi familia es lo que me mantiene aquí.												";;;;;;;
"Pienso en suicidarme todo el tiempo. Pero no paro. Sólo quiero que todo se detenga."";1												";;;;;;;
"¿Cómo se siente Realmente quiero OD en relajantes musculares, pero tan asustado voy a sentirlo ... alguien sabe si es indoloro .. Sólo quiero ir sin dolor pronto;1												";;;;;;;
"""No puedo morir hasta después de Navidad No puedo dejar de pensar en el suicidio, pero también intento pensar en razones para aguantar.												";;;;;;;
"Cada plan que escribo, lo contrarresto con algo que debo esperar.												";;;;;;;
"¿Planeas tirarte de un puente mañana? Bueno, no puedo hacerlo porque no habrá nadie para dar de comer a mis gatos por la noche.												";;;;;;;
"¿Piensas tomar una sobredosis? Pero tengo antojo de comida china y la noche de la comida para llevar no es hasta el viernes.												";;;;;;;
"¿Pienso ahorcarme? Pero tengo dos días libres en el trabajo y eso significa que puedo dormir hasta tarde, así que por qué no esperar hasta después.												";;;;;;;
"Sigo haciendo planes todo el tiempo. Todavía tengo muchas ganas de suicidarme. Pero no lo he hecho. Sigo aquí incluso para mierdas estúpidas como la comida china. No me jodas. Tenía que escribir esto para no olvidar todas l	as pequeñas cosas que me hacen seguir adelant	e. Tal vez ayude a alg	uie	n má	s tambi	""én. """";1""						";;;;;;;
"""Mi Plan Voy a darle tres semanas, necesito atar mis cabos sueltos.												";;;;;;;
"Voy a suicidarme en unas tres semanas. Soy madre soltera, pero mis padres se llevarán a mi hija. Tengo dos gatos a los que mi madre adora, creo que se los llevará.												";;;;;;;
"No le debo nada a mi trabajo, que se joda la América corporativa. Estoy indecisa sobre mi decisión porque sé que voy a ir al infierno y, francamente, me da miedo.												";;;;;;;
"Planeo tomar un montón de warfarina la semana anterior para que mi sangre sea increíblemente delgada. Voy a ir al río, buscaré un sitio y me cortaré las venas.												";;;;;;;
"Pensé en pegarme un tiro, pero qué desperdicio de arma.												";;;;;;;
"Me duele tanto que ya no puedo respirar. Me estoy asfixiando. Dios debe tener un malvado sentido del humor."";1												";;;;;;;
"""Tomé las pastillas Finalmente tomé todas las pastillas y ahora me siento muy tembloroso y nervioso, pero no estoy seguro de si es sólo mi imaginación. Hoy temprano me caí y me aplasté el pene tan fuerte que sentí como si e	stuviera digiriendo extra rápido. Espero que	funcionen porque eso f	ue	el c	olmo. M	i madre no paraba de decir	me «déjame	ver tu pene, déjame	v	er tu pe	ne para	asegurarme de que está creciendo bien» y le dije que no y salí corriendo, y mi abuela estaba bloqueando las escaleras diciendo «vale, aguántalo, déjame asegurarme de que no está roto» y le dije que no porque ya soy mayor y no quiero que mi familia vea mi pene. Me di cuenta de que mi padre me había visto el pene antes (problemas con el tribunal de familia y todo eso).";;;;;;;
"Fui a la habitación de mi hermano pequeño y vi a todos sus amigos allí, a pesar de que él tiene 10 años y todos sus amigos tienen como 8-10, entré allí, jugamos y mi padre entró y revisó mi pene y todo estaba bien. Cenamos	salchichas y fue la primera vez que cenaba co	n mi familia en 5 años	. P	or a	lguna r	azón no quiero estar vivo.	Es demasi	ado trabajo y ya nun	ca	me sien	to feliz	"". Siento que la felicidad es sólo una ilusión porque siempre conduce a la decepción final. Todo ser vivo en este mundo algún día llegará a su fin..."""";0""";;;;;;;
"Compañera de trabajo Compañera de trabajo con discapacidad moderada, ha estado hospitalizada antes. Le aterroriza volver al hospital... sufrió malos tratos la última vez que estuvo ingresada. La convencí y conseguí que me p	rometiera una semana hasta que volvamos a tra	bajar juntos, entonces	po	drem	os pone	rnos en contacto. Necesito	conseguir	le ayuda, pero ella	no	confía	en la lí	""nea directa ni en la policía después de lo que pasó. Algún consejo, no soy un denunciante obligatorio pero no quiero que se entregue a la oscuridad. ¿Hay alguna otra línea a la que pueda llamar?;0""";;;;;;;
"""Aunque hoy estarán de luto, mañana estarán en paz Hoy mis padres (con suerte) se irán de compras y mis hermanos realmente no pueden detenerme porque están en el extranjero, así que voy a aprovechar la oportunidad para salt	ar desde un paso elevado hoy. En realidad no	he conocido a nadie en	la	vid	a real,	pero a la gente que he co	nocido por	Internet al menos d	eb	ería dec	írselo,	mejor que dejarles preguntándose qué me ha pasado.";;;;;;;
"Sé que el suicidio es terrible para los que se quedan atrás, pero estoy seguro de que todos los que me conocen y se preocupan por mí lo superarán cuando me haya ido. De todas formas, no soy tan importante."";1												";;;;;;;
"Cada momento de mi vida es dolor y quiero que termine. No puedo más. Soy tan miserable. Con mi virginidad. Con mi trabajo. Mi vida social. Mi ansiedad, depresión, dismorfia corporal, autismo, TDAH. Ya no puedo hacer esto. S	iento que mi vida ha terminado a los 23 años.	"";1""										";;;;;;;
"hoy tomé café estaba delicioso me encanta;0												";;;;;;;
"mi gato es mi mejor amigo, me abraza y me hace feliz;0												";;;;;;;
"me encanta comer hamburguesas son deliciosas;0												";;;;;;;
"desayunar pan es un objetivo, pero es mejor con miel y mantequilla SU COMBO;0												";;;;;;;
"quiero jugar con mi perro en la nieve pero eso no pasa donde yo vivo;0												";;;;;;;
"me casaré con mi novia es mi compañera y es preciosa, la elegida para pasar mi vida con ella;0												";;;;;;;
"los coches son tan rápidos, me pregunto lo difícil que debe ser entrenar reacciones rápidas para ser un super piloto de F1;0												";;;;;;;
"mi deseo es viajar por todo el mundo y hacer muchos amigos;0												";;;;;;;
"ver peliculas como las que disney hacia hace años es un puch de nostalgia, quiero volver a verlas todas con mi familia;0												";;;;;;;
"vacaciones en verano caluroso en bahamas, recuerdos maravillosos;0												";;0;;;;;
